{
	"name": "solaceSinkConnector",
	"config": {
		"connector.class": "com.solace.connector.kafka.connect.sink.SolaceSinkConnector",
		"tasks.max": "1",
		"key.converter": "org.apache.kafka.connect.converters.ByteArrayConverter",
		"value.converter": "org.apache.kafka.connect.storage.StringConverter",
		"group.id": "solSinkConnectorGroup",
		"topics": "sinktest",
		"sol.host": "tcp://192.168.99.113:55555",
		"sol.username": "default",
		"sol.password": "default",
		"sol.vpn_name": "default",
		"sol.topics": "sinktest",
		"sol.record_processor_class": "com.solace.connector.kafka.connect.sink.recordprocessor.SolSimpleRecordProcessor"
	}
}